;このファイルにはネタバレが含まれています。,
;閲覧には十分に注意してください。,
;,
;,
;,
;,
;,
;,
;---------------------------------------------------,
;舞台,東方以外でもここで舞台設定を変更できるように
;---------------------------------------------------,
100,幻想郷
;---------------------------------------------------,
;種族,東方用
;PRINT_STATE.ERBと共に処理
;---------------------------------------------------,
101,人間
102,妖怪
103,妖精
104,悪魔
105,魔法使い
106,吸血鬼
107,化猫
108,騒霊
109,半人半霊
110,亡霊
111,妖狐
112,鬼
113,妖蟲
114,夜雀
115,ワーハクタク
116,妖怪兎
117,玉兎
118,月人
119,鴉天狗
120,人形
121,死神
122,閻魔
123,紅葉神
124,豊穣神
125,厄神
126,河童
127,白狼天狗
128,国津神
129,土着神
130,悪霊
131,魔界神
132,魔界人
133,竜宮の使い
134,天人くずれ
135,釣瓶落とし
136,土蜘蛛
137,橋姫
138,さとり 
139,火車
140,地獄鴉 with 八咫烏
141,半人半妖
142,妖怪ネズミ
143,からかさお化け
144,舟幽霊
145,鵺
146,仙人
147,山彦
148,キョンシー
;---------------------------------------------------,
;名前の表示の後の文字を揃えるための空白調整
;キャラ番号や呼び名が変わる場合には、呼び名＋空白を一番長い呼び名（eratohoAでは6+1文字）となるように調整する
;---------------------------------------------------,
201,霊夢　　　　　
202,魔理沙　　　　
203,ルーミア　　　
204,大妖精　　　　
205,チルノ　　　　
206,美鈴　　　　　
207,小悪魔　　　　
208,パチュリー　　
209,咲夜　　　　　
210,レミリア　　　
211,フランドール　
212,レティ　　　　
213,橙　　　　　　
214,アリス　　　　
215,リリー　　　　
216,リリカ　　　　
217,メルラン　　　
218,ルナサ　　　　
219,妖夢　　　　　
220,幽々子　　　　
221,藍　　　　　　
222,紫　　　　　　
223,萃香　　　　　
224,リグル　　　　
225,ミスティア　　
226,慧音　　　　　
227,てゐ　　　　　
228,鈴仙　　　　　
229,永琳　　　　　
230,輝夜　　　　　
231,妹紅　　　　　
232,文　　　　　　
233,メディスン　　
234,幽香　　　　　
235,小町　　　　　
236,映姫　　　　　
237,静葉　　　　　
238,穣子　　　　　
239,雛　　　　　　
240,にとり　　　　
241,椛　　　　　　
242,早苗　　　　　
243,神奈子　　　　
244,諏訪子　　　　
245,サニー　　　　
246,ルナ　　　　　
247,スター　　　　
248,阿求　　　　　
249,蓮子　　　　　
250,メリー　　　　
251,魅魔　　　　　
252,神綺　　　　　
253,衣玖　　　　　
254,天子　　　　　
255,キスメ　　　　
256,ヤマメ　　　　
257,パルスィ　　　
258,勇儀　　　　　
259,さとり　　　　
260,お燐　　　　　
261,空　　　　　　
262,こいし　　　　
263,霖之助　　　　
264,レイセン　　　
265,豊姫　　　　　
266,依姫　　　　　
267,ナズーリン　　
268,小傘　　　　　
269,一輪　　　　　
270,水蜜　　　　　
271,星　　　　　　
272,白蓮　　　　　
273,ぬえ　　　　　
274,はたて　　　　
275,華扇　　　　　
276,響子　　　　　
277,芳香　　　　　
;---------------------------------------------------,
;オープニング,
;---------------------------------------------------,
500,………………
501,…………
502,……
503,携帯電話の着信音が脳内を響き渡る
504,この着信音はアラームのものだ
505,目覚まし代わりの携帯電話を止める
506,%NAME:MASTER%は反射的に携帯電話を止めようとしたが、着信だと気づいて慌てて電話に出る
507,高校時代の友人から久しぶりに会わないかという連絡であった
508,用事も無く、懐かしさから迷わずに会うことにした……
509,彼に会うのは、一緒に出かけた際に事故に見舞われて以来のことだった
510,あの事故で亡くなった……いや、行方知れずになっていたのか、記憶が曖昧であった
511,「私も色々あったんだ」
512,あれ以来何があったのかを聞くと、その一言だけが返ってきた
513,彼のことは一目でわかったが、いざ話をすると雰囲気は別人のものであった
514,なんでも、今は裏社会の組織の幹部クラスなのだという
515,世間話もそこそこに、彼は荒唐無稽な本題へと入っていく
516,「%STR:100%を知っているだろ？あれを我らは手中に収めた
517,　だが、一部の者らは危険因子として処分しなければならないのだが、
518,　なんとかして利潤を上げられないかと思っている」
519,%CALLNAME:MASTER%が呆気に取られているのを尻目に、彼はさらに続ける
520,「ルールは簡単、君は提供された者を奴隷として調教し、お金を稼げばいい
521,　稼ぐ手段は問わない、奴隷を売るのもいいが労働力として働かせても構わない」
522,友人はティーカップの中身を煽り、一呼吸を置く
523,%CALLNAME:MASTER%は口を挟もうにも、話についていけずタイミングを逃していた
524,「ひとまず100万稼げれば、上々と考えているから、それ以上の利益は調教した奴隷も含めて君の好きにして構わないよ
525,　納金手段は、直接でもいいが組織の系列の店で買い物をしてもいい
526,　露骨に高価な品があると思うから、それを買えば納金成立とみなそう
527,　期限は50日、生活費は
528,20日
529,15日
530,10日
531,程は支給するけど、それ以降は自分で払ってもらうよ」
532,……%STR:100%の存在は知っていたが、それが実在してなおかつ手中に収めたと言われても俄かに信じがたかった
533,その余りに突拍子がなく、非現実的な話に%CALLNAME:MASTER%の顔は困惑に彩られていた
534,しかし正直な所、%STR:100%の者達を奴隷として調教できるという言葉には惹かれていた
535,「どうする、どうせ暇なんだろう？」
536,事実、定職についているわけではなく退屈な日々を過ごしていた
537,まだ彼の話を信用し切れない部分はあったが、引き受けることにした
538,「そうか、それなら早速」
539,首筋に鈍い衝撃と一瞬の激痛を感じた
540,……
541,意識が暗転し、戻ったときには机に突っ伏していた
542,濃厚な木の匂いが真新しさを認識させる
543,「やっと起きたか、流石に長く寝ることに関してはお前の右に出るものは居ないな」
544,そうだろうかと思いつつも、%CALLNAME:MASTER%は頭を上げる
545,「この館が君の仕事場だ、健闘を祈るよ」
546,それだけいうと彼は部屋を出ようとする
547,「何かあったら、いつでも相談してくれよ」
548,彼が部屋から出ると、部屋の中は静寂に包まれる
549,%CALLNAME:MASTER%は急な事態の変化と自身の軽率な判断を後悔しながらも、
550,心の底で欲望が渦が大きくなっていくのを感じていた……
;---------------------------------------------------,
;チュートリアル,
;---------------------------------------------------,
600,―――チュートリアル―――
601,eratohoAにようこそ
602,これを見ているあなたは“頭のおかしい”友人の誘いに乗ったことでしょう
603,ここでは、eratohoAを攻略する上でのヒントを簡単に説明していきます
604,表示するチュートリアルを選択してください
605,[0]基本的なこと
606,eratohoAは調教SLGです
607,奴隷を買って性奴隷として調教して売却するなどの手段でお金を得ていきます
608,得られたお金でさらなる奴隷やアイテムを買って、さらにお金を稼ぎ、50日以内に$1000000までお金を稼ぐのが目的です
609,難易度はEASY、NORMAL、HARDの三種類があり、調教時のソース、労役実行時の収益、維持費の保証期間が変化します
610,そのため、EASYでは21日、NORMALでは16日、HARDでは11日目以降は奴隷の維持費などで毎朝所持金が減ります
611,所持金が底を突かないように、最初は維持費の減少が始まる日までの売却を目標に調教するとよいでしょう
612,二人目以降は【恋慕】、【淫乱】、【服従】の陥落素質を得られるように調教していくのがお勧めです
613,陥落素質があり助手にできる場合には、陥落素質に応じた労役をさせられるようになります
614,売却するよりも効率がよいので、労役を駆使してお金を稼いでいきましょう
615,期限は50日までですが、時間が足りないのならば、何度もプレイして効率化を図りましょう
616,[1]恋慕を得るのに
617,愛撫やクンニ、胸愛撫などの愛撫系コマンドを最初は実行していくとよいでしょう
618,ある程度従順が上がったら手淫やフェラチオ、パイズリといった奉仕系コマンドを絡めて依存度を上げていきましょう
619,全体としてハードな調教コマンドと助手による調教は控えめにしておきましょう
620,[2]淫乱を得るのに
621,とにかく感度を上げていきましょう
622,まずはクンニや胸愛撫、ローターなどでC感覚やB感覚を上げて、
623,従順をあげてからV感覚やA感覚を上げていくとよいでしょう
624,但し、性交やバイブで処女喪失をした場合は反発が大きいのでご注意ください
625,いかなる快楽をも享受できるよう、異常な経験や同性との性経験を積んでおくとよいでしょう
626,[3]服従を得るのに
627,スパンキングや鞭、ボールギャグやアイマスクなどのSM系コマンドを最初は実行するとよいでしょう
628,ある程度従順が上がったら手淫やフェラチオ、足扱きなどの奉仕系コマンドで依存度をマイナスに下げていくとよいでしょう
629,全体的にハードな調教コマンドの回数が多くなるので、タフな奴隷を調教するのがおすすめです
630,また、完全に服従させるために、異常な経験も必要となります
631,[4]上位陥落素質について
632,それぞれの陥落素質には、上位陥落素質が存在します
633,【恋慕】は【親愛】に、【淫乱】は【娼婦】に、【服従】は【隷属】に変化します
634,上位陥落素質は基本的に陥落素質の延長線の調教で得られるので、
635,陥落してからも調教を続けてみるとよいでしょう
636,[5]その他注意点
637,素質や体力を変化させるアイテムを毎日使う、恋慕や親愛を付けずに膣内射精、などの行動はできるだけ避けたほうがよいでしょう
638,また、初期設定では調教時は服を着ているため、一部コマンドは[803]着衣設定やオプションなどから服を外す必要があります
639,[9]チュートリアルを終了する
640,ご健闘を祈ります
641,EXTRAでは、期限や維持費などがないので、好きなキャラを好きなように調教するとよいでしょう
642,多くの奴隷を買って長くゲームを続けるなら、売却や労役でお金を稼げるようにしましょう
;---------------------------------------------------,
;バッドエンド１,
;---------------------------------------------------,
1000,　　　　　　　　　　　　　　―――{DAY-1}日経過―――
1001,………………
1002,…………
1003,……
1004,携帯電話の着信音が脳内を響き渡る
1005,この着信音はアラームのものだ
1006,目覚まし代わりの携帯電話を止める
1007,……何かがおかしい
1008,覚醒した%CALLNAME:MASTER%は違和感を感じていた
1009,自分は今まで何か大きな目標があったような気がしてならなかった
1010,%CALLNAME:MASTER%は既にアラームを止めた携帯電話を握り続けているのに気づく
1011,だが、携帯電話を離すことなく、何かを期待しながら見つめ続けていた……
1012,　
1013,――――――――――――――――――GAMEOVER――――――――――――――――――
;---------------------------------------------------,
;バッドエンド２,
;---------------------------------------------------,
1020,　　　　　　　　　　　　　―――所持金が底を突いた―――
1021,………………
1022,…………
1023,……
1024,気がつくと%CALLNAME:MASTER%は見知らぬ部屋に居た
1025,今まで調教を行ってきた屋敷の面影は微塵も感じられない
1026,そして、体は動かず声も出せない
1027,縄で縛られ、口には口枷が嵌められていた
1028,まるで奴隷のように……
1029,その思考で%CALLNAME:MASTER%の顔色がさっと青くなる
1030,「残念だったね……」
1031,声の主を目で追うと、いつの間にやら目の前の机に友人が腰掛けていた
1032,……服を着ていない
1033,「君に提供した屋敷や奴隷の後始末で、結局損害は$1000000前後かな
1034,　だから、君にはその保証をしてもらおうと思っている」
1035,友人は立ち上がって近づいて来る
1036,「奴隷になる気分はどんな気持ちかな？」
1037,……その後、%NAME:MASTER%の姿を見たものはいない
1038,　
1039,――――――――――――――――――GAMEOVER――――――――――――――――――
;---------------------------------------------------,
;グッドエンド,
;---------------------------------------------------,
1100,………………
1101,…………
1102,……
1103,直接納金をしたいと頼むと、彼はすぐに屋敷に現れた
1104,「せっかく色々と用意したのだけどね」
1105,そう、残念そうに友人は口にしたが、金を渡されると満足そうな笑みを浮かべた
1106,「約束どおり、この屋敷や奴隷は好きに使ってくれて構わないよ」
1107,そういって、彼は部屋を出ようとする
1108,「……もしも退屈だと思ったら、相談してくれれば協力するよ」
1109,……？
1110,どういうことか解りかねている内に彼は部屋を出て行ってしまった
1111,だが%CALLNAME:MASTER%はそれを気にするでもなく、未だ果てぬ欲望を満たす手段に頭を悩ませていた……
1112,　
1113,　　　　　　　　―― Ending No.1 (ノーマルエンド)
;---------------------------------------------------,
;恋慕単体エンド,
;---------------------------------------------------,
1120,………………
1121,…………
1122,……
1123,納金を済ませて屋敷に戻ると、%NAME:TARGET%は%CALLNAME:MASTER%に抱き寄ってきた
1124,%CALLNAME:TARGET%を胸に抱いたまま、ベッドの上に座り%CALLNAME:TARGET%も腿の上に座らせる
1125,背後から腕を回し、%CALLNAME:TARGET%の左手を手繰り寄せると、%CALLNAME:MASTER%は手にした指輪を薬指に嵌めた
1126,シンプルながら美麗な細工のなされた指輪を見て、%CALLNAME:TARGET%は一瞬驚きを顔に浮かべる
1127,だがすぐに意味を理解し、%CALLNAME:MASTER%に抱きついて受け入れる意志を示した
1128,%CALLNAME:TARGET%の顔は満面の笑みが浮かび、瞳がわずかに潤んでいる
1129,その唇に%CALLNAME:MASTER%は唇と重ねると、%CALLNAME:TARGET%もそれに答えて舌を絡ませていく
1130,しばらく口付けをしていると、%CALLNAME:TARGET%はベッドの上に倒れこみ、%CALLNAME:MASTER%も引きこむ
1131,ベッドの上で自ら服を肌蹴ていく%CALLNAME:TARGET%に、%CALLNAME:MASTER%は覆いかぶさっていった……
1132,　　　　　　　　―― Ending No.2 (恋慕単体エンド)
;---------------------------------------------------,
;淫乱単体エンド,
;---------------------------------------------------,
1140,………………
1141,…………
1142,……
1143,納金を済ませて屋敷に戻ると、%NAME:TARGET%はベットの上で自慰に耽っていたようだ
1144,一糸纏わぬ姿のまま、%CALLNAME:MASTER%に艶かしい視線を送っている
1145,早速とばかりに、今まで使っていたそれよりも一回り太くなったバイブを見せる
1146,うっとりとした瞳でバイブを見つめると、%CALLNAME:TARGET%は四つん這いになって、妖艶な声色でバイブをせがむ
1147,粘液に塗れた膣口はすんなりとバイブを受け入れ、%CALLNAME:TARGET%を身悶えさせる
1148,艶やかな喘ぎ声、快感に悶える仕草、%CALLNAME:TARGET%の肢体のすべてが魅惑的に彩られていた
1149,%CALLNAME:TARGET%は物欲しそうな瞳で%CALLNAME:MASTER%を見つめている
1150,%CALLNAME:MASTER%は気づかぬ内に痛い程に勃起していたペニスを取り出すと、濡れた%CALLNAME:TARGET%のアヌスを貫いていった……
1151,　　　　　　　　―― Ending No.3 (淫乱単体エンド)
;---------------------------------------------------,
;服従単体エンド,
;---------------------------------------------------,
1160,………………
1161,…………
1162,……
1163,納金を済ませて屋敷に戻ると、%NAME:TARGET%は丁寧に%CALLNAME:MASTER%を出迎えた
1164,%CALLNAME:TARGET%は、椅子に腰掛ける%CALLNAME:MASTER%の傍らに立ち、命令を待っている
1165,それを見た%CALLNAME:MASTER%は%CALLNAME:TARGET%を呼びつけると、買ってきたばかりの首輪を嵌めてやる
1166,%CALLNAME:TARGET%は自らの名の刻まれた首輪を撫でると笑みを浮かべた
1167,その頬を撫でてやると、それがスイッチであるかのように%CALLNAME:TARGET%は%CALLNAME:MASTER%への忠誠の言葉を紡いでいく
1168,そして%CALLNAME:MASTER%が視線を下げると、%CALLNAME:TARGET%は手際よく股間をまさぐりペニスを露出させた
1169,%CALLNAME:TARGET%は上目遣いでペニスに舌を這わせ、口に含み、献身的に奉仕をしている
1170,その頭を撫でて、%CALLNAME:TARGET%は笑みを深めるのを見ると、%CALLNAME:MASTER%もまた笑みを深めていった……
1171,　　　　　　　　―― Ending No.4 (服従単体エンド)
;---------------------------------------------------,
;ハーレムエンド,
;---------------------------------------------------,
1200,………………
1201,…………
1202,……
1203,納金を済ませて屋敷に戻っていた
1204,%CALLNAME:MASTER%はここでの生活を満喫していた
1205,当初はどうなる事かとも思ったが、慣れてみるとどうという事もない
1206,何よりここには%CALLNAME:MASTER%を慕い、どんな命令にも応えてくれる少女達がいるのだ
1207,　
1208,　　　　　　　　―― Ending No.5 (ハーレムエンド)
;---------------------------------------------------,
;ハーレムエンド(ノーマル),
;---------------------------------------------------,
1210,%CALLNAME:MASTER%が指示しなくても、少女たちは手で、胸で、あるいは口で%CALLNAME:MASTER%に奉仕する
1211,積極的に%CALLNAME:MASTER%を求め、与えられる快感に敏感に反応してくる
1212,さて、次は誰を抱いてやろうか？
1213,%CALLNAME:MASTER%は、並んで%CALLNAME:MASTER%を待つ少女たちの中から%CALLNAME:TARGET%に目をつけた
1214,ぐっしょりと股間を濡らし、期待するように%CALLNAME:MASTER%を見上げるその姿に誘われ
1215,%CALLNAME:MASTER%はゆっくりと%CALLNAME:TARGET%に近づいていった…
;---------------------------------------------------,
;妊娠奴隷エンド,
;---------------------------------------------------,
1220,中でも%CALLNAME:MASTER%のお気に入りは%CALLNAME:TARGET%だった
1221,%CALLNAME:TARGET%は%CALLNAME:MASTER%に膣内を開発され、すっかりその虜となっていた
1222,%CALLNAME:TARGET%は何度も子宮に注がれ%CALLNAME:MASTER%の子を妊娠していたが
1223,大きな腹をしながらも我慢できないらしく、膣内への挿入を望んでくる
1224,我が子への愛情と背徳の快楽の狭間で揺れるその姿に情欲を刺激され
1225,%CALLNAME:MASTER%は屹立した肉棒を%CALLNAME:TARGET%の膣内へとうずめていった…
;---------------------------------------------------,
;アナル奴隷エンド,
;---------------------------------------------------,
1230,中でも%CALLNAME:MASTER%のお気に入りは%CALLNAME:TARGET%だった
1231,%CALLNAME:TARGET%はいまだ処女のままだ
1232,しかし%CALLNAME:MASTER%の手で後ろの穴を開発され、その快感にとりつかれてしまった
1233,今ではアナルでの性交にこの上ない愉悦を感じるようになっている
1234,処女のままでアナルに挿入され、直腸まで犯されながら絶頂に達する%CALLNAME:TARGET%
1235,その倒錯的な姿に強烈な興奮を覚えながら、腸内に白濁液を注ぎ込んでいった…
;---------------------------------------------------,
;博麗エンド,
;---------------------------------------------------,
1300,………………
1301,…………
1302,……
1303,ここは幻想郷の東の端にある唯一の神社、博麗神社
1304,いつものように人気はなく寂れているはずだが少しだけ様子が違った
1305,境内では%CALLNAME:MASTER%が何人もの少女とまぐわい、嬌声が漏れていた
1306,博麗の巫女、霊夢と白黒の魔法使い、魔理沙は貪るように彼のペニスにしゃぶりつき、
1307,先に事を終えた美しき緋の衣、衣玖は秘裂から精液を垂れ流し更なる精を求めて彼に抱きつき、
1308,非想非非想天の娘、天子はその様子を恍惚とした表情で眺めながら自慰に耽っている
1309,霊夢と魔理沙の奉仕はヒートアップし限界に達した肉棒は大量の子種を撒き散らした
1310,そして衰えぬ肉棒の上に密度を操る鬼、萃香が乗りかかり、輪に入り損ねた衣玖と天子を手招きした
1311,衣玖と天子は待ってましたといわんばかりに繋がっている2人に奉仕をし始めた
1312,萃香は%CALLNAME:MASTER%のペニスをきつく締め上げ、衣玖の秘所を舐めて天子に菊座を攻めさせる
1313,そして割り込まれた霊夢と魔理沙は今度は衣玖と天子を攻め始めた
1314,1人の男を囲むように少女達が群がる異常な光景、彼女達全員を満足させるのは骨が折れそうだ
1315,だが、人攫いの専門家がいる以上、彼女たちだけで終わるはずもない
1316,%CALLNAME:MASTER%は口元を歪めると、萃香の中にありったけの精を放った
1317,　
1318,　　　　　　　　―― Ending No. 6 (博麗エンド)
;---------------------------------------------------,
;紅魔エンド,
;---------------------------------------------------,
1400,………………
1401,…………
1402,……
1403,日の差さない薄暗い館……
1404,かつて吸血鬼の住処と呼ばれた館は%CALLNAME:MASTER%のものとなっていた
1405,その一室で、元・館の主だった幼い姉妹が%CALLNAME:MASTER%の前に跪き一心に奉仕していた
1406,互いに舌を絡めあい熱心にペニスを舐める姿には、かつての威厳など残ってはいない
1407,その小さな口に何度目かの精液を吐き出すと、取り合うようにして飲み込んでいく
1408,ふと視線をずらすと、その先ではパチュリーが自慰に耽っていた
1409,夢中で快感を貪るその姿は、その行為が%CALLNAME:MASTER%に命じられたものだという事も忘れているかのようだ
1410,絶頂に達してだらしなく痙攣するパチュリーをながめ、再び下腹部に血が滾り始めた頃
1411,淫靡なメイド服に身を包んだ咲夜が、見計らったように今日の相手を連れてきた
1412,連れられてきた美鈴の股間は濡れ光り、溢れた愛液が太腿を伝い落ちている
1413,既に充分弄られてきたのだろう。美鈴はすっかり発情した顔でこちらを見つめてくる
1414,その期待に応えるように、%CALLNAME:MASTER%はいきりたった肉棒をゆっくりと彼女の中にうずめていった……
1415,　
1416,　　　　　　　　―― Ending No.7 (紅魔エンド)
;---------------------------------------------------,
;冥界エンド,
;---------------------------------------------------,
1500,………………
1501,…………
1502,……
1503,ここは冥界にある屋敷・白玉楼……
1504,普段は静寂に包まれたこの世界に、粘った水音と嬌声が響いていた
1505,屋敷の一室で横になる%CALLNAME:MASTER%の上で、紫と幽々子が享楽に耽っているのだ
1506,二人は時折絶頂に達しながらも貪欲にペニスを求めてくる
1507,大きな胸も顔も精液まみれにしながら自ら尻を押し付け、もっともっととねだってくる
1508,飽く事のない交わりを続ける横では、三人の少女が順番を待っていたはずだった
1509,しかし、我慢できずに互いを慰めあっていた藍と橙は既に頂点へと登りつめ、今やぐったりと横たわっている
1510,自らを慰めている妖夢も濁った瞳で荒い息をついていた
1511,そんな従者たちの姿も目に入らぬかのように、二人は肉欲に溺れ続けている
1512,精液の垂れ落ちる秘所を晒し、子宮の奥にまで精液を受け止める紫と幽々子
1513,この快楽の宴に終わりはない
1514,そう、%CALLNAME:MASTER%が生死の境を越えるまで……
1515,　
1516,　　　　　　　　―― Ending No.8 (冥界エンド)
;---------------------------------------------------,
;永夜エンド,
;---------------------------------------------------,
1600,………………
1601,…………
1602,……
1603,竹薮の奥深くに位置する静かな館……
1604,今やそこは%CALLNAME:MASTER%と%CALLNAME:MASTER%の奴隷達の隠れ家となっていた
1605,輝夜と妹紅が揃って跪き、%CALLNAME:MASTER%のペニスに奉仕している
1606,舌を亀頭に這わせながらお互いのクリトリスをいじり合っている様子は、とてもかつて殺し合っていた仲には見えない
1607,庭では鈴仙やてゐを始めとしたイナバ達が思いのままに交わっている
1608,愛液と精液に塗れ、甲高い嬌声を上げて、ただの獣に成り下がっている
1609,足音がしたので振り向くと、おぼつかない足取りで永琳がこちらに近づいてきた
1610,顔は紅潮し、潤んだ瞳は焦点を結ばず、いつもの余裕はどこにもない
1611,聞けば、新しい強力な媚薬を調合していた時に誤って吸引してしまい、発情してしまったという
1612,苦笑した%CALLNAME:MASTER%は永琳を抱き寄せ、淫裂に指を突き入れると、そこはもう熱くとろけていた
1613,指を動かすたびに%CALLNAME:MASTER%の腕の中で歓喜の声を上げる永琳を、輝夜と妹紅が羨ましそうに見ている
1614,今夜も永い夜になりそうだ……
1615,　
1616,　　　　　　　　―― Ending No.9 (永夜エンド)
;---------------------------------------------------,
;彼岸エンド,
;---------------------------------------------------,
1700,………………
1701,…………
1702,……
1703,六十年に一度の異変の年……
1704,花咲き乱れる三途の川の此岸は今、%CALLNAME:MASTER%とその奴隷、さらには霊魂までもが入り乱れる快楽の園と化していた
1705,霊魂が奴隷達の身体にまとわりつき、花畑のそこかしこであられもない嬌声が上がる
1706,その心地よい声を耳に、地に寝そべる%CALLNAME:MASTER%は自分に跨った映姫の身体を突き上げ、淫らに踊らせた
1707,映姫の正面では小町が自らを慰めながら、映姫のペニスをしごき上げた
1708,勢いよく射精し、
1709,映姫の正面では小町が自らを慰めながら、映姫のクリトリスを摘み上げた
1710,秘肉と肉棒の隙間から愛液を噴き出して映姫は絶頂し、小さな身体をがくがく震わせた
1711,ふと気がつくと、霊魂と戯れていたはずの他の奴隷達が揃って、息も絶え絶えの映姫を情欲に潤んだ瞳で見ている
1712,口うるさい閻魔に説教された恨みを今晴らしたいのだろう、そう見て取った%CALLNAME:MASTER%は映姫を奴隷達の輪に押し出した
1713,たちまち意地悪な笑みを浮かべた奴隷達に襲いかかられる映姫……
1714,ある者は乳首を指で弄り、ある者は蜜壷に指を突き入れて掻き回し、またある者はアヌスに舌を這わせた
1715,その様子を%CALLNAME:MASTER%は、小町に口と豊満な胸で奉仕させながら見耽った
1716,映姫の上げる抗議の悲鳴が甘い喘ぎに、そして喜悦の声に取って代わるのには、それほど時間はかからなかった……
1717,　
1718,　　　　　　　　―― Ending No.10 (彼岸エンド)
;---------------------------------------------------,
;守矢エンド,
;---------------------------------------------------,
1800,………………
1801,…………
1802,……
1803,妖怪の山にひっそりと佇む守矢神社……
1804,その境内で%CALLNAME:MASTER%が早苗の口内を味わっていた
1805,舌を絡めあい、歯列の裏を舐められ、上気した瞳で唾液を飲み込んでいく早苗は
1806,反り返った肉棒が尻の割れ目を擦るたびに、小さく体を震わせる
1807,その肉棒には神奈子が胸を押し付け、諏訪子は%CALLNAME:MASTER%の尻穴に舌を差し入れ舐め上げる
1808,柔らかな胸と滑らかな尻に挟まれた肉棒から大量の精液が吐き出され、
1809,早苗の背中と神奈子の顔を汚していった……
1810,そんな姿が画面に映されるのを見ながら、文は%CALLNAME:MASTER%に犯されていた
1811,撮影をしながらも興奮していたのだろう。文の肉壺は待ちわびたように%CALLNAME:MASTER%のモノに絡み付いてくる
1812,画面の中で、諏訪子の小柄な秘所に溢れるほどの精液が注ぎ込まれている
1813,それと同時に、%CALLNAME:MASTER%も痙攣を繰り返す文の最奥に精液を叩きつけていく
1814,その様子を傍らで撮影しているにとりの足元には、垂れ落ちた愛液が水溜りをつくっていた……
1815,　
1816,　　　　　　　　―― Ending No.11 (守矢エンド)
;---------------------------------------------------,
;地霊エンド,
;---------------------------------------------------,
1900,………………
1901,…………
1902,……
1903,ここは地の底、幻想郷のモノ達からも疎まれたモノらが集う旧地獄。
1904,その最深部近く、灼熱地獄跡に建てられた地霊殿は、かつてのようなペットたちの喧噪ではなく女たちの嬌声で満たされていた。
1905,薄暗い部屋の中で、その手に杯を持ったまま這い蹲り背後から豊満な肉体を揺さぶられているのは旧都に住む鬼、勇儀。
1906,その姿を、屋敷の元主にして怨霊からも恐れられた覚、さとりとこいしの姉妹がペットである燐と空を嬲りながらじっと見つめている。
1907,勇儀は杯の酒を守り切れれば満足するまで彼女だけの相手をする、だが半分以上溢せば他の四人が満足するまでお預けという賭けを結ばされたのだ。
1908,二人の視線と言葉に身も心も焼かれながら、激しく突かれる度に中身が溢れかけるのを必死に抑えようとする勇儀。
1909,だが%CALLNAME:MASTER%はそれを嘲笑うかのように、抜けるぎりぎりまで腰を引くと今までよりも強い一突きを叩き込んだ。
1910,堪えきれず背を仰け反らせながら倒れ込み杯の中身を全て溢してしまう勇儀、そしてほぼ同時に甲高い嬌声を上げる燐と空。
1911,%CALLNAME:MASTER%が余韻に震える身体の中からモノを抜くと、いつの間にか気絶した燐と空を置いて側まで来ていた姉妹が二人がかりで奉仕を始めた。
1912,%CALLNAME:MASTER%の子種を浴び、恍惚とした表情を浮かべながら丁寧にモノを清めるさとりとこいし。
1913,その刺激的な光景に再び力強く熱り立つ%CALLNAME:MASTER%のモノから口を離すと、姉妹は貝を合わせるように身体を重ねた。
1914,ぬらぬらと光る淫裂を見せながら物欲しげに誘ってくる姉妹に対し、%CALLNAME:MASTER%はゆっくりとのしかかっていった……
1915,
1916,　　　　　　　　―― Ending No.12 (地霊エンド)
;---------------------------------------------------,
;星蓮エンド,
;---------------------------------------------------,
2100,………………
2101,…………
2102,……
2103,人間の里の付近にある命蓮寺の奥深くで嬌声が響く
2104,そこでは、汗や愛液などの雌の匂いの充満した中での狂宴が続いていた
2105,%CALLNAME:MASTER%の腰の上では水蜜が跳ねて、快楽の舵を取っている
2106,一輪は%CALLNAME:MASTER%の胸板に胸を押し付けている
2107,そしてアナルから鈍い振動音をさせながら、胸を擦り、舌を這わせ、懸命に奉仕をしていた
2108,ナズーリンと星は口内の精液を舐め取り合いながら、お互いの秘所を擦り合わせていた
2109,仲間の乱れる様を白蓮は恍惚とした笑みを浮かべ、%CALLNAME:MASTER%の頭を膝に乗せて撫でていた
2110,白蓮はどこか虚ろな笑みで%CALLNAME:MASTER%の顔を覗き込む
2111,その満足そうな顔に笑みを深め、口付けを交わした
2112,腰を跳ね上げる水蜜が達し、その膣内を精液が満ちていく
2113,一輪も押し付けた胸で絶頂して甘い吐息を吐き、ナズーリンと星も艶かしくこちらを見ている
2114,唾液を口から滴らせながら、白蓮も物足りなげな視線を%CALLNAME:MASTER%に送っていた
2115,%CALLNAME:MASTER%が満足するまで狂宴は何時までも続くことだろう……
2116,
2117,　　　　　　　　―― Ending No.13 (星蓮エンド)
;---------------------------------------------------,
;？？？エンド,
;---------------------------------------------------,
2000,………………
2001,…………
2002,……
2003,%CALLNAME:MASTER%はいつからか疑念を抱き続けていた
2004,言いようの無い不安感に苛まされる、そのたびに自問を続けていた
2005,一体、何が不満なのだろうか
2006,お気に入りの娘も居る、自分に対して情愛、依存、畏怖、様々な感情を抱く者らが居る
2007,不満は無い、何もかもが思い通りに進んでいた
2008,……
2009,何もかも
2010,確かに思い通りに進んでいた
2011,部屋に入ってきた友人はいつもと変わらぬ様子だった
2012,彼は呼び出そうとすると、あっさりと連絡がつき、すぐにやってきた
2013,脳裏に渦巻く疑念を何とか言葉にして伝える
2014,彼は聞き終えると少しだけ考えてから言った
2015,「そうだね、口で言うよりは見せたほうがいいかな」
2016,彼はハンカチをかざし、両の手それぞれで端を持ち、下をテーブルにつけてみせる
2017,「なんでもいい、このハンカチの先に何か物があるとできるだけ具体的にイメージしてくれ」
2018,言われた通り、ローターがあるかのようにイメージをする
2019,少しすると、物が落ちたような音がした
2020,「君が思い浮かべたのは、ピンクのローターだね」
2021,そう言ってハンカチを翻すと机の上には思い描いた形状とまったく同じピンクローターがそこにあった
2022,「これには種も仕掛けも無い。なぜならこれが君の力だからだ
2023,　ちなみに君ができると思えば、わざわざ隠さなくてもできると思うよ
2024,　要するに今私たちがいる空間、この世界全体の物は君のイメージ通り、
2025,　つまりこの世界は君が創ったんだ」
2026,……そんな馬鹿な、非現実的だ
2027,%CALLNAME:MASTER%はそんな脳裏に浮かんだ言葉を思わず口に出す
2028,「そう、こんなことは現実には起こりえない」
2029,どうやら彼はそれを伝えたかったようだ
2030,どういうことかと訝しんでいると、彼は徐に口を開く
2031,「……事故の記憶はあるかい？」
2032,事故となれば、あの事故だろうか
2033,一緒に出かけたときに事故に……
2034,……思い出せない
2035,事故にあったこと以外、何があったのかがまったくわからなかった
2036,「そうか……無理も無い」
2037,彼は少しだけ間を置いてから、はっきりと告げた
2038,「君はあの事故以来、ずっと昏睡状態なんだ
2039,　ここは君が構築した精神世界、大掛かりな夢のようなものかな」
2040,静寂が二人を包んだ
2041,彼は言葉を失った%CALLNAME:MASTER%をしっかり見据えて言う
2042,「今までは君の精神に負担が少ない手段で目覚めさせようとしてきたが、事情が変わったんだ
2043,　とんでもないことに学者が君の精神世界に興味を持って、研究したいと言い出したんだ」
2044,怒りの混じった声色は、心苦しそうなそれに変わる
2045,「だから、こうして君の精神に語りかけ、ゲームに誘うことで欲望を刺激して君の意識を活性化させようとしたんだ
2046,　危険な手段だったが、君の意識は確かに活性化しただが、もう少し。後一歩足りなかった
2047,　組織だのどうだのは、全部嘘だ……だが、もう君には嘘をつかない」
2048,決意の篭った口調で彼は言う
2049,「最後の手段は、君自身が“帰りたい”、“戻りたい”という強い意志を持つことだ
2050,　今はこれまでに無く意識は活性化している、逆に言えば今を逃せば二度と目は覚めないだろう
2051,　ただ、頭のおかしい学者らのおかげで、君の世界は何ら変わることなく維持されるはずだよ」
2052,そこまで言うと彼は目を閉じて口を閉ざす
2053,込みあがる後悔を飲み込んでいるようであった
2054,「すべてを告げた以上、後は君自身の意志に任せる。例え君がこの世界を受け入れても私は構わない」
2055,彼は%CALLNAME:MASTER%を見つめ、立ち上がった
2056,「ただね」
2057,彼は別れを惜しむかのように、%CALLNAME:MASTER%を見つめる
2058,「私はまた君に会いたい」
2059,そういうと彼は別れの言葉も言わずに出て行った
2061,……
2062,話を何度も反芻していく内に疑念が晴れていくのを感じた
2063,しかし、どうすればいいのかはまったくわからない
2064,一人になりたかった
2065,目を閉じてひたすら思考を巡らせていく
2066,長い時間が経った
2067,しかし%CALLNAME:B%が夕食を持ってくることもない
2068,欲情をした%CALLNAME:C%が訪ねて来ることもない
2069,気を利かせた%CALLNAME:D%がお茶を持ってくることもない
2071,一人になりたかったから
2072,望めば彼女たちと共に生きることもできるだろう
2073,この世界で……
2074,……
2075,[0] - 帰りたい
2076,[1] - ……
2077,帰りたい
2078,心の奥で呟く
2079,帰りたい
2080,その思いが心の奥から溢れて来る
2081,溢れた思いは自然と声となった
2082,帰りたい
2083,次の瞬間、視界が歪む
2084,目の前の光景が歪んでいるのか、自分の視界が歪んでいるのか判断がつかない
2085,色も形も距離感もすべてが歪み狂っていく
2086,しかし、落下感と共にすべて消えていった……
2087,………………
2088,…………
2089,……
2090,体が重い
2091,全身に重石が乗せられたかのような感覚
2092,頭痛、不快感、全身を巡る気だるさ、不快にも関わらず懐かしく感じる
2093,瞼が開いた、しかし眩しさに目を窄める
2094,布団の感触、薬の匂い、電子音、様々な情報が頭に入ってくるのを感じた
2095,視界が開いていく
2096,久しくない顔だが、懐かしい顔が確かにそこにあった
2097,そして変わらぬ調子で挨拶をしてきた
2098,「おはよう」
2099,おはよう

